date,issue,volid,group,rank,previous_rank,rank_count,author_name,songname,album_name,album_audio_id,audio_id
2024-10-31 10:10:01,219,85535,sakurazaka46,68,50,6,ギガP、Teddyloid、櫻坂46、松田里奈、森田ひかる,ピッカーン！ (皮卡！),ピッカーン！,683567131,395643252
2024-11-01 10:10:01,220,85573,sakurazaka46,65,68,7,ギガP、Teddyloid、櫻坂46、松田里奈、森田ひかる,ピッカーン！ (皮卡！),ピッカーン！,683567131,395643252
2024-11-04 10:10:01,221,85660,sakurazaka46,78,65,8,ギガP、Teddyloid、櫻坂46、松田里奈、森田ひかる,ピッカーン！ (皮卡！),ピッカーン！,683567131,395643252
2024-11-05 10:10:07,222,85696,sakurazaka46,71,78,9,ギガP、Teddyloid、櫻坂46、松田里奈、森田ひかる,ピッカーン！ (皮卡！),ピッカーン！,683567131,395643252
2024-11-06 10:10:01,223,85728,sakurazaka46,81,71,10,ギガP、Teddyloid、櫻坂46、松田里奈、森田ひかる,ピッカーン！ (皮卡！),ピッカーン！,683567131,395643252
2024-11-07 10:10:03,224,85779,sakurazaka46,54,81,11,ギガP、Teddyloid、櫻坂46、松田里奈、森田ひかる,ピッカーン！ (皮卡！),ピッカーン！,683567131,395643252
2024-11-08 10:10:00,225,85810,sakurazaka46,86,54,12,ギガP、Teddyloid、櫻坂46、松田里奈、森田ひかる,ピッカーン！ (皮卡！),ピッカーン！,683567131,395643252
2024-11-11 10:10:00,226,85884,nogizaka46,7,0,0,乃木坂46,歩道橋,歩道橋,694460852,406118539
2024-11-11 10:10:00,226,85884,sakurazaka46,55,86,13,ギガP、Teddyloid、櫻坂46、松田里奈、森田ひかる,ピッカーン！ (皮卡！),ピッカーン！,683567131,395643252
2024-11-12 10:10:01,227,85919,nogizaka46,5,7,1,乃木坂46,歩道橋,歩道橋,694460852,406118539
2024-11-12 10:10:01,227,85919,sakurazaka46,62,55,14,ギガP、Teddyloid、櫻坂46、松田里奈、森田ひかる,ピッカーン！ (皮卡！),ピッカーン！,683567131,395643252
2024-11-13 10:10:11,228,85962,nogizaka46,4,5,2,乃木坂46,歩道橋,歩道橋,694460852,406118539
2024-11-13 10:10:11,228,85962,sakurazaka46,76,62,15,ギガP、Teddyloid、櫻坂46、松田里奈、森田ひかる,ピッカーン！ (皮卡！),ピッカーン！,683567131,395643252
2024-11-14 10:10:02,229,86001,nogizaka46,10,4,3,乃木坂46,歩道橋,歩道橋,694460852,406118539
2024-11-14 10:10:02,229,86001,sakurazaka46,84,76,16,ギガP、Teddyloid、櫻坂46、松田里奈、森田ひかる,ピッカーン！ (皮卡！),ピッカーン！,683567131,395643252
2024-11-15 10:10:02,230,86043,nogizaka46,20,10,4,乃木坂46,歩道橋,歩道橋,694460852,406118539
2024-11-15 10:10:02,230,86043,sakurazaka46,51,84,17,ギガP、Teddyloid、櫻坂46、松田里奈、森田ひかる,ピッカーン！ (皮卡！),ピッカーン！,683567131,395643252
2024-11-18 10:10:02,231,86122,nogizaka46,76,20,5,乃木坂46,歩道橋,歩道橋,694460852,406118539
2024-11-18 10:10:02,231,86122,sakurazaka46,81,51,18,ギガP、Teddyloid、櫻坂46、松田里奈、森田ひかる,ピッカーン！ (皮卡！),ピッカーン！,683567131,395643252
2024-11-19 10:10:01,232,86155,nogizaka46,66,76,6,乃木坂46,歩道橋,歩道橋,694460852,406118539
2024-11-19 10:10:01,232,86155,sakurazaka46,88,81,19,ギガP、Teddyloid、櫻坂46、松田里奈、森田ひかる,ピッカーン！ (皮卡！),ピッカーン！,683567131,395643252
2024-11-20 10:10:01,233,86195,nogizaka46,70,66,7,乃木坂46,歩道橋,歩道橋,694460852,406118539
2024-11-20 10:10:01,233,86195,sakurazaka46,76,88,20,ギガP、Teddyloid、櫻坂46、松田里奈、森田ひかる,ピッカーン！ (皮卡！),ピッカーン！,683567131,395643252
2024-11-21 11:39:27,234,86239,sakurazaka46,78,76,21,ギガP、Teddyloid、櫻坂46、松田里奈、森田ひかる,ピッカーン！ (皮卡！),ピッカーン！,683567131,395643252
2024-11-22 10:10:01,235,86272,sakurazaka46,75,78,22,ギガP、Teddyloid、櫻坂46、松田里奈、森田ひかる,ピッカーン！ (皮卡！),ピッカーン！,683567131,395643252
2024-11-25 10:10:01,236,86355,sakurazaka46,55,75,23,ギガP、Teddyloid、櫻坂46、松田里奈、森田ひかる,ピッカーン！ (皮卡！),ピッカーン！,683567131,395643252
2024-11-26 10:10:01,237,86386,sakurazaka46,46,55,24,ギガP、Teddyloid、櫻坂46、松田里奈、森田ひかる,ピッカーン！ (皮卡！),ピッカーン！,683567131,395643252
2024-11-27 10:10:00,238,86421,sakurazaka46,63,46,25,ギガP、Teddyloid、櫻坂46、松田里奈、森田ひかる,ピッカーン！ (皮卡！),ピッカーン！,683567131,395643252
2024-11-28 10:10:01,239,86460,sakurazaka46,83,63,26,ギガP、Teddyloid、櫻坂46、松田里奈、森田ひかる,ピッカーン！ (皮卡！),ピッカーン！,683567131,395643252
2024-11-29 10:10:00,240,86498,sakurazaka46,95,83,27,ギガP、Teddyloid、櫻坂46、松田里奈、森田ひかる,ピッカーン！ (皮卡！),ピッカーン！,683567131,395643252
2024-12-02 10:10:01,241,86588,sakurazaka46,57,95,28,ギガP、Teddyloid、櫻坂46、松田里奈、森田ひかる,ピッカーン！ (皮卡！),ピッカーン！,683567131,395643252
2024-12-03 10:10:00,242,86616,sakurazaka46,68,57,29,ギガP、Teddyloid、櫻坂46、松田里奈、森田ひかる,ピッカーン！ (皮卡！),ピッカーン！,683567131,395643252
2024-12-04 10:10:01,243,86653,sakurazaka46,84,68,30,ギガP、Teddyloid、櫻坂46、松田里奈、森田ひかる,ピッカーン！ (皮卡！),ピッカーン！,683567131,395643252
2024-12-05 10:10:03,244,86705,sakurazaka46,80,84,31,ギガP、Teddyloid、櫻坂46、松田里奈、森田ひかる,ピッカーン！ (皮卡！),ピッカーン！,683567131,395643252
2024-12-06 10:10:02,245,86730,sakurazaka46,80,80,32,ギガP、Teddyloid、櫻坂46、松田里奈、森田ひかる,ピッカーン！ (皮卡！),ピッカーン！,683567131,395643252
2024-12-09 10:10:01,246,86816,sakurazaka46,80,80,33,ギガP、Teddyloid、櫻坂46、松田里奈、森田ひかる,ピッカーン！ (皮卡！),ピッカーン！,683567131,395643252
2024-12-10 10:10:00,247,86853,sakurazaka46,97,80,34,ギガP、Teddyloid、櫻坂46、松田里奈、森田ひかる,ピッカーン！ (皮卡！),ピッカーン！,683567131,395643252
2024-12-11 10:10:00,248,86875,sakurazaka46,76,97,35,ギガP、Teddyloid、櫻坂46、松田里奈、森田ひかる,ピッカーン！ (皮卡！),ピッカーン！,683567131,395643252
2024-12-12 10:10:01,249,86928,sakurazaka46,101,76,36,ギガP、Teddyloid、櫻坂46、松田里奈、森田ひかる,ピッカーン！ (皮卡！),ピッカーン！,683567131,395643252
2024-12-13 10:10:01,250,86964,sakurazaka46,92,0,36,ギガP、Teddyloid、櫻坂46、松田里奈、森田ひかる,ピッカーン！ (皮卡！),ピッカーン！,683567131,395643252
2024-12-16 10:10:02,251,87046,sakurazaka46,88,92,37,ギガP、Teddyloid、櫻坂46、松田里奈、森田ひかる,ピッカーン！ (皮卡！),ピッカーン！,683567131,395643252
2024-12-17 10:10:00,252,87076,sakurazaka46,90,88,38,ギガP、Teddyloid、櫻坂46、松田里奈、森田ひかる,ピッカーン！ (皮卡！),ピッカーン！,683567131,395643252
2024-12-18 10:10:01,253,87116,sakurazaka46,100,90,39,ギガP、Teddyloid、櫻坂46、松田里奈、森田ひかる,ピッカーン！ (皮卡！),ピッカーン！,683567131,395643252
2024-12-19 10:10:00,254,87146,sakurazaka46,93,100,40,ギガP、Teddyloid、櫻坂46、松田里奈、森田ひかる,ピッカーン！ (皮卡！),ピッカーン！,683567131,395643252
2024-12-20 10:10:02,255,87193,sakurazaka46,98,93,41,ギガP、Teddyloid、櫻坂46、松田里奈、森田ひかる,ピッカーン！ (皮卡！),ピッカーン！,683567131,395643252
2024-12-23 10:10:09,256,87277,sakurazaka46,87,98,42,ギガP、Teddyloid、櫻坂46、松田里奈、森田ひかる,ピッカーン！ (皮卡！),ピッカーン！,683567131,395643252
2024-12-30 10:10:00,261,87499,sakurazaka46,94,0,43,ギガP、Teddyloid、櫻坂46、松田里奈、森田ひかる,ピッカーン！ (皮卡！),ピッカーン！,683567131,395643252
2025-01-01 10:10:01,1,87578,sakurazaka46,96,0,44,ギガP、Teddyloid、櫻坂46、松田里奈、森田ひかる,ピッカーン！ (皮卡！),ピッカーン！,683567131,395643252
2025-01-02 10:10:01,2,87623,sakurazaka46,101,96,45,ギガP、Teddyloid、櫻坂46、松田里奈、森田ひかる,ピッカーン！ (皮卡！),ピッカーン！,683567131,395643252
2025-01-03 10:10:00,3,87652,sakurazaka46,100,0,45,ギガP、Teddyloid、櫻坂46、松田里奈、森田ひかる,ピッカーン！ (皮卡！),ピッカーン！,683567131,395643252
2025-01-06 10:10:02,4,87736,sakurazaka46,87,100,46,ギガP、Teddyloid、櫻坂46、松田里奈、森田ひかる,ピッカーン！ (皮卡！),ピッカーン！,683567131,395643252
2025-01-07 10:10:04,5,87775,sakurazaka46,102,87,47,ギガP、Teddyloid、櫻坂46、松田里奈、森田ひかる,ピッカーン！ (皮卡！),ピッカーン！,683567131,395643252
2025-01-08 10:10:00,6,87814,sakurazaka46,100,0,47,ギガP、Teddyloid、櫻坂46、松田里奈、森田ひかる,ピッカーン！ (皮卡！),ピッカーン！,683567131,395643252
2025-01-10 10:10:00,8,87891,sakurazaka46,100,0,48,ギガP、Teddyloid、櫻坂46、松田里奈、森田ひかる,ピッカーン！ (皮卡！),ピッカーン！,683567131,395643252
2025-02-10 10:10:02,29,88914,nogizaka46,83,0,0,乃木坂46,懐かしさの先,懐かしさの先,718424153,434312865
2025-02-11 10:10:01,30,88944,nogizaka46,85,83,1,乃木坂46,懐かしさの先,懐かしさの先,718424153,434312865
2025-02-11 10:10:01,30,88944,sakurazaka46,96,0,0,櫻坂46,UDAGAWA GENERATION,UDAGAWA GENERATION,717276405,433200751
2025-02-12 10:10:02,31,88984,nogizaka46,99,85,2,乃木坂46,懐かしさの先,懐かしさの先,718424153,434312865
2025-02-13 10:10:02,32,89032,nogizaka46,61,99,3,乃木坂46,懐かしさの先,懐かしさの先,718424153,434312865
2025-02-14 10:10:02,33,89061,nogizaka46,54,61,4,乃木坂46,懐かしさの先,懐かしさの先,718424153,434312865
2025-02-17 10:10:01,34,89140,nogizaka46,88,54,5,乃木坂46,懐かしさの先,懐かしさの先,718424153,434312865
2025-02-17 10:10:01,34,89140,sakurazaka46,101,0,1,櫻坂46,UDAGAWA GENERATION,UDAGAWA GENERATION,717276405,433200751
2025-02-18 10:10:00,35,89174,nogizaka46,57,88,6,乃木坂46,懐かしさの先,懐かしさの先,718424153,434312865
2025-02-19 10:10:01,36,89218,nogizaka46,91,57,7,乃木坂46,懐かしさの先,懐かしさの先,718424153,434312865
2025-02-20 10:10:02,37,89261,nogizaka46,90,91,8,乃木坂46,懐かしさの先,懐かしさの先,718424153,434312865
2025-02-24 10:10:00,39,89373,sakurazaka46,75,0,0,櫻坂46,Nightmare症候群,UDAGAWA GENERATION (Special Edition),722205637,437530582
2025-02-25 10:10:14,40,89413,sakurazaka46,69,0,0,櫻坂46,Nightmare症候群,Nightmare症候群,721785166,437530582
2025-03-26 10:10:00,61,90407,nogizaka46,100,0,0,乃木坂46,ネーブルオレンジ,ネーブルオレンジ,728126016,443518832
2025-03-28 10:10:00,63,90497,nogizaka46,77,0,1,乃木坂46,ネーブルオレンジ,ネーブルオレンジ,728126016,443518832
2025-04-01 10:10:01,65,90614,nogizaka46,101,0,2,乃木坂46,ネーブルオレンジ,ネーブルオレンジ,728126016,443518832
2025-04-04 10:10:01,68,90736,nogizaka46,29,0,0,乃木坂46,タイムリミット片想い (限时单恋),タイムリミット片想い,731966605,446117630
2026-01-08 10:10:01,6,104273,nogizaka46,12,0,0,乃木坂46,My respect,My respect,832130102,525450851
2026-01-09 10:10:01,7,104336,nogizaka46,14,12,1,乃木坂46,My respect,My respect,832130102,525450851
2026-01-13 10:10:00,9,104562,nogizaka46,64,0,2,乃木坂46,My respect,My respect,832130102,525450851
2026-01-14 10:10:00,10,104628,nogizaka46,57,64,3,乃木坂46,My respect,My respect,832130102,525450851
2026-01-30 10:10:01,22,105708,hinatazaka46,22,0,0,日向坂46,恋と慣性の法則,クリフハンガー (Special Edition),838333974,531591055
2026-03-11 10:10:01,50,108485,nogizaka46,8,0,0,乃木坂46,愛って羨ましい,愛って羨ましい,852680558,545496536
2026-03-12 10:10:01,51,108613,nogizaka46,5,8,1,乃木坂46,愛って羨ましい,愛って羨ましい,852680558,545496536
2026-03-13 10:10:00,52,108687,nogizaka46,16,5,2,乃木坂46,愛って羨ましい,愛って羨ましい,852680558,545496536
2026-03-23 10:10:01,58,109514,nogizaka46,4,0,0,乃木坂46,最後に階段を駆け上がったのはいつだ？,最後に階段を駆け上がったのはいつだ？,856901201,549606551
2026-03-24 10:10:01,59,109603,nogizaka46,17,4,1,乃木坂46,最後に階段を駆け上がったのはいつだ？,最後に階段を駆け上がったのはいつだ？,856901201,549606551
2026-03-25 10:10:02,60,109690,nogizaka46,21,17,2,乃木坂46,最後に階段を駆け上がったのはいつだ？,最後に階段を駆け上がったのはいつだ？,856901201,549606551
2026-04-01 10:10:00,65,110283,nogizaka46,10,0,0,乃木坂46,君ばかり,君ばかり,859977753,552579141
2026-04-02 10:10:01,66,110398,nogizaka46,2,10,1,乃木坂46,君ばかり,君ばかり,859977753,552579141
2026-04-03 10:10:01,67,110486,nogizaka46,27,2,2,乃木坂46,君ばかり,君ばかり,859977753,552579141
2026-04-08 10:10:01,70,110877,nogizaka46,3,0,0,乃木坂46,桜橋を教えてくれた,桜橋を教えてくれた,862799123,555298343
2026-04-09 10:10:01,71,110999,nogizaka46,13,3,1,乃木坂46,桜橋を教えてくれた,桜橋を教えてくれた,862799123,555298343
2026-04-09 10:10:01,71,110999,nogizaka46,23,0,0,乃木坂46,もう一つの太陽,最後に階段を駆け上がったのはいつだ？ (Special Edition),863180361,555672073
2026-04-09 10:10:01,71,110999,nogizaka46,27,0,0,乃木坂46,パシフィック・リーグに連れてって,最後に階段を駆け上がったのはいつだ？ (Special Edition),863140563,555636186
2026-04-09 10:10:01,71,110999,nogizaka46,33,0,0,乃木坂46,年齢の境界線,最後に階段を駆け上がったのはいつだ？ (Special Edition),863140204,555612141
2026-04-09 10:10:01,71,110999,nogizaka46,92,0,0,乃木坂46,君ばかり,最後に階段を駆け上がったのはいつだ？ (Special Edition),863142264,552579141
2026-04-10 10:10:01,72,111078,nogizaka46,13,0,0,乃木坂46,桜橋を教えてくれた,最後に階段を駆け上がったのはいつだ？ (Special Edition),863108735,555298343
2026-04-10 10:10:01,72,111078,nogizaka46,23,27,1,乃木坂46,パシフィック・リーグに連れてって,最後に階段を駆け上がったのはいつだ？ (Special Edition),863140563,555636186
2026-04-10 10:10:01,72,111078,nogizaka46,24,33,1,乃木坂46,年齢の境界線,最後に階段を駆け上がったのはいつだ？ (Special Edition),863140204,555612141
2026-04-10 10:10:01,72,111078,nogizaka46,26,23,1,乃木坂46,もう一つの太陽,最後に階段を駆け上がったのはいつだ？ (Special Edition),863180361,555672073
2026-04-10 10:10:01,72,111078,nogizaka46,82,92,1,乃木坂46,君ばかり,最後に階段を駆け上がったのはいつだ？ (Special Edition),863142264,552579141
2026-04-20 10:10:02,78,111905,sakurazaka46,22,0,0,櫻坂46,"What's ""KAZOKU""?","What's ""KAZOKU""?",867804784,559811957
2026-04-21 10:10:00,79,111985,sakurazaka46,19,22,1,櫻坂46,"What's ""KAZOKU""?","What's ""KAZOKU""?",867804784,559811957
2026-05-21 10:10:00,101,114566,sakurazaka46,26,0,0,櫻坂46,Lonesome rabbit,Lonesome rabbit,883383998,575811489
2026-05-21 10:10:00,101,114566,hinatazaka46,49,0,0,日向坂46,Empty,Empty,881786688,574002645
2026-06-15 10:10:00,118,117054,nogizaka46,12,0,0,乃木坂46,是非に及ばず,是非に及ばず,908601917,600417349
2026-06-16 10:10:00,119,117163,nogizaka46,5,12,1,乃木坂46,是非に及ばず,是非に及ばず,908601917,600417349
2026-06-17 10:10:00,120,117275,nogizaka46,24,5,2,乃木坂46,是非に及ばず,是非に及ばず,908601917,600417349
2026-06-26 10:10:00,127,118303,nogizaka46,7,0,0,乃木坂46,フォルテシモ,フォルテシモ,914928590,607986717
2026-07-06 10:10:01,133,119382,nogizaka46,9,0,0,乃木坂46,命の色,命の色,924614774,616866023
2026-07-07 10:10:00,134,119484,nogizaka46,26,9,1,乃木坂46,命の色,命の色,924614774,616866023
2026-07-23 10:10:01,146,121181,nogizaka46,48,0,0,乃木坂46,Kissのタイミング,是非に及ばず (Special Edition),936486449,627825564
2026-07-23 10:10:01,146,121181,nogizaka46,49,0,0,乃木坂46,おまえら,是非に及ばず (Special Edition),936473900,627807684
2026-07-23 10:10:01,146,121181,nogizaka46,51,0,0,乃木坂46,ひとつ手前のインターチェンジ,是非に及ばず (Special Edition),936477565,627821893
2026-07-23 10:10:01,146,121181,nogizaka46,54,0,0,乃木坂46,告白したい病,是非に及ばず (Special Edition),936482077,627777796
2026-07-24 10:10:00,147,121267,nogizaka46,9,48,1,乃木坂46,Kissのタイミング,是非に及ばず (Special Edition),936486449,627825564
2026-09-02 10:10:00,175,125778,hinatazaka46,24,0,0,日向坂46,イチャイチャ虫,イチャイチャ虫,956584098,646884142
2026-09-03 10:10:00,176,125922,hinatazaka46,27,24,1,日向坂46,イチャイチャ虫,イチャイチャ虫,956584098,646884142
2026-09-29 10:10:00,194,129183,hinatazaka46,10,0,0,日向坂46,それでもいつか,それでもいつか,967894480,657532008
2026-09-30 10:10:01,195,129335,hinatazaka46,8,10,1,日向坂46,それでもいつか,それでもいつか,967894480,657532008
